dataset,method,fusion,status,level,reduce_ratio_param,original_nodes,original_edges,original_components,fused_nodes,fused_edges,fused_components,fusion_time,final_nodes,final_edges,final_components,actual_level,reduction_ratio,reduce_time,embed_time,refine_time,accuracy,total_time
cora,cmg,True,completed,1.0,,2708,5278,78,2708,6058,78,0.6193273067474365,1016,2428,78,1,2.6653543307086616,0.3390471935272217,29.009764909744263,0.013469457626342773,0.762,30.304733514785767
cora,cmg,True,completed,2.0,,2708,5278,78,2708,6058,78,0.6209056377410889,421,1264,78,2,6.432304038004751,0.5296335220336914,10.04188060760498,0.014115571975708008,0.768,11.598742246627808
cora,cmg,True,completed,3.0,,2708,5278,78,2708,6058,78,0.5501384735107422,253,705,78,3,10.703557312252965,0.5098025798797607,5.433647394180298,0.018026351928710938,0.749,6.892346382141113
cora,cmg,False,completed,1.0,,2708,5278,78,2708,5278,78,0.0,941,2227,78,1,2.87778958554729,0.308225154876709,26.01962399482727,0.006010532379150391,0.762,26.639671087265015
cora,cmg,False,completed,2.0,,2708,5278,78,2708,5278,78,0.0,403,1193,78,2,6.719602977667494,0.42191529273986816,9.680469036102295,0.010448455810546875,0.772,10.429974555969238
cora,cmg,False,completed,3.0,,2708,5278,78,2708,5278,78,0.0,254,732,78,3,10.661417322834646,0.4790773391723633,5.237827301025391,0.011333942413330078,0.744,6.031368970870972
cora,lamg,True,completed,,2.0,2708,5278,78,2708,8211,6,5.590793609619141,1169,3938,6,1,2.316509837467921,5.010044813156128,32.2805016040802,0.019677400588989258,0.798,43.31015729904175
cora,lamg,True,completed,,3.0,2708,5278,78,2708,8211,6,5.463534116744995,519,1985,3,2,5.217726396917149,4.837109804153442,14.142846584320068,0.012589454650878906,0.804,24.862318992614746
cora,lamg,True,completed,,6.0,2708,5278,78,2708,8211,6,5.604381799697876,218,979,3,3,12.422018348623853,4.859348297119141,5.251330137252808,0.017259836196899414,0.784,16.131652355194092
cora,lamg,False,completed,,2.0,2708,5278,78,2708,5278,78,0.0,1208,2639,78,1,2.2417218543046356,4.764507293701172,31.614686489105225,0.010915040969848633,0.762,36.70140862464905
cora,lamg,False,completed,,3.0,2708,5278,78,2708,5278,78,0.0,531,1504,15,2,5.0998116760828625,5.131469011306763,14.164589405059814,0.01651620864868164,0.773,19.64887237548828
cora,lamg,False,completed,,6.0,2708,5278,78,2708,5278,78,0.0,227,881,4,3,11.929515418502202,5.269262313842773,5.551993131637573,0.015833139419555664,0.78,11.170265197753906
cora,simple,True,completed,1.0,,2708,5278,78,2708,6664,78,0.6424379348754883,1724,3985,78,1,1.5707656612529002,0.20109200477600098,52.1391236782074,0.013187408447265625,0.765,53.43329668045044
cora,simple,True,completed,2.0,,2708,5278,78,2708,6664,78,0.6490826606750488,1261,2936,78,2,2.147501982553529,0.2818112373352051,38.648686170578,0.016564130783081055,0.769,40.03238344192505
cora,simple,True,completed,3.0,,2708,5278,78,2708,6664,78,0.6348440647125244,955,2297,78,3,2.8356020942408375,0.33596014976501465,28.429197072982788,0.023647069931030273,0.754,29.865466594696045
cora,simple,False,completed,1.0,,2708,5278,78,2708,5278,78,0.0,1966,3849,78,1,1.377416073245168,0.2033214569091797,59.86826729774475,0.008301258087158203,0.752,60.43346881866455
cora,simple,False,completed,2.0,,2708,5278,78,2708,5278,78,0.0,1538,3066,78,2,1.7607282184655397,0.3545515537261963,48.18371295928955,0.017719030380249023,0.75,49.107638359069824
cora,simple,False,completed,3.0,,2708,5278,78,2708,5278,78,0.0,1232,2559,78,3,2.198051948051948,0.332505464553833,39.47843599319458,0.01685166358947754,0.786,40.18915057182312
citeseer,cmg,True,completed,1.0,,3327,4528,438,3327,5325,438,1.0073530673980713,1638,2051,438,1,2.031135531135531,0.5444552898406982,37.45432925224304,0.00743412971496582,0.503,39.43165922164917
citeseer,cmg,True,completed,2.0,,3327,4528,438,3327,5325,438,0.8473398685455322,1099,1128,438,2,3.02729754322111,0.6023707389831543,21.842090129852295,0.012910604476928711,0.507,23.70055079460144
citeseer,cmg,True,completed,3.0,,3327,4528,438,3327,5325,438,0.7587151527404785,923,748,438,3,3.6045503791982667,0.7831370830535889,17.955687284469604,0.01608872413635254,0.507,19.926724672317505
citeseer,cmg,False,completed,1.0,,3327,4528,438,3327,4528,438,0.0,1589,1970,438,1,2.093769666456891,0.41763830184936523,35.65322732925415,0.006672382354736328,0.513,36.37606382369995
citeseer,cmg,False,completed,2.0,,3327,4528,438,3327,4528,438,0.0,1098,1135,438,2,3.030054644808743,0.5681445598602295,22.60190463066101,0.011990547180175781,0.533,23.4840407371521
citeseer,cmg,False,completed,3.0,,3327,4528,438,3327,4528,438,0.0,918,708,438,3,3.6241830065359477,0.8312430381774902,18.452815055847168,0.015206336975097656,0.525,19.633846282958984
citeseer,lamg,True,completed,,2.0,3327,4528,438,3327,6668,424,17.211634635925293,1488,2800,377,1,2.2358870967741935,4.921077013015747,31.83591938018799,0.008644819259643555,0.482,54.4931001663208
citeseer,lamg,True,completed,,3.0,3327,4528,438,3327,6668,424,14.884805917739868,606,1365,79,2,5.49009900990099,4.966087102890015,13.53762412071228,0.013334989547729492,0.529,33.826884269714355
citeseer,lamg,True,completed,,6.0,3327,4528,438,3327,6668,424,15.296623706817627,282,690,20,3,11.797872340425531,4.941635847091675,5.680083513259888,0.017366886138916016,0.501,26.360291481018066
citeseer,lamg,False,completed,,2.0,3327,4528,438,3327,4528,438,0.0,1548,2058,391,1,2.14922480620155,4.766723394393921,32.808114528656006,0.00780797004699707,0.512,37.88042712211609
citeseer,lamg,False,completed,,3.0,3327,4528,438,3327,4528,438,0.0,658,1089,85,2,5.056231003039514,4.787558555603027,14.59304165840149,0.010899543762207031,0.527,19.711435079574585
citeseer,lamg,False,completed,,6.0,3327,4528,438,3327,4528,438,0.0,294,575,23,3,11.316326530612244,5.1900293827056885,6.142773866653442,0.014808177947998047,0.515,11.650640487670898
citeseer,simple,True,completed,1.0,,3327,4528,438,3327,5709,438,0.5950853824615479,2302,3212,438,1,1.445264986967854,0.14957714080810547,53.35078048706055,0.0077555179595947266,0.507,54.50433874130249
citeseer,simple,True,completed,2.0,,3327,4528,438,3327,5709,438,0.574152946472168,1837,2299,438,2,1.8111050626020686,0.21186208724975586,40.94904375076294,0.012790203094482422,0.526,42.137107372283936
citeseer,simple,True,completed,3.0,,3327,4528,438,3327,5709,438,0.6045029163360596,1555,1772,438,3,2.139549839228296,0.2614452838897705,33.874003648757935,0.02021193504333496,0.502,35.16628384590149
citeseer,simple,False,completed,1.0,,3327,4528,438,3327,4528,438,0.0,2616,3286,438,1,1.271788990825688,0.14419341087341309,61.74023365974426,0.008173942565917969,0.507,62.198761224746704
citeseer,simple,False,completed,2.0,,3327,4528,438,3327,4528,438,0.0,2191,2631,438,2,1.518484710178001,0.21109724044799805,48.96698975563049,0.012676477432250977,0.51,49.49034380912781
citeseer,simple,False,completed,3.0,,3327,4528,438,3327,4528,438,0.0,1860,2151,438,3,1.788709677419355,0.2670247554779053,41.0744149684906,0.016972780227661133,0.511,41.66268539428711
pubmed,cmg,True,completed,1.0,,19717,44324,1,19717,62478,1,20.093560457229614,6770,29908,1,1,2.912407680945347,8.249178647994995,235.29520678520203,0.1143484115600586,0.759,266.5223958492279
pubmed,cmg,True,completed,2.0,,19717,44324,1,19717,62478,1,12.334337949752808,2504,19717,1,2,7.8742012779552715,9.761852979660034,91.65036725997925,0.15155577659606934,0.788,116.54678440093994
pubmed,cmg,True,completed,3.0,,19717,44324,1,19717,62478,1,11.999460458755493,1223,14919,1,3,16.121831561733444,10.114829778671265,48.40688133239746,0.1402440071105957,0.802,73.25183892250061
pubmed,cmg,False,completed,1.0,,19717,44324,1,19717,44324,1,0.0,3603,23230,1,1,5.472384124340827,5.834541082382202,129.69069027900696,0.0933229923248291,0.768,137.277978181839
pubmed,cmg,False,completed,2.0,,19717,44324,1,19717,44324,1,0.0,1584,17089,1,2,12.44760101010101,6.209588289260864,61.84721350669861,0.10133552551269531,0.795,69.80450248718262
pubmed,cmg,False,completed,3.0,,19717,44324,1,19717,44324,1,0.0,968,13698,1,3,20.36880165289256,6.40109395980835,38.762622356414795,0.09961533546447754,0.804,47.01674723625183
pubmed,lamg,True,completed,,2.0,19717,44324,1,19717,70286,1,12.068925857543945,7903,36811,1,1,2.494875363785904,5.785748720169067,270.3415653705597,0.09821319580078125,0.764,290.98824405670166
pubmed,lamg,True,completed,,3.0,19717,44324,1,19717,70286,1,7.620607376098633,3598,21509,1,2,5.479988882712618,5.825860500335693,129.44512724876404,0.1346442699432373,0.793,145.81677842140198
pubmed,lamg,True,completed,,6.0,19717,44324,1,19717,70286,1,7.687288284301758,1627,12750,1,3,12.118623232944069,5.875308990478516,62.70212745666504,0.15854358673095703,0.796,78.97891449928284
pubmed,lamg,False,completed,,2.0,19717,44324,1,19717,44324,1,0.0,7523,27106,1,1,2.620895919181178,4.882296562194824,256.99600076675415,0.08466100692749023,0.761,263.6989052295685
pubmed,lamg,False,completed,,3.0,19717,44324,1,19717,44324,1,0.0,3329,17677,1,2,5.922799639531391,4.899634838104248,124.45988464355469,0.08269333839416504,0.79,131.2665774822235
pubmed,lamg,False,completed,,6.0,19717,44324,1,19717,44324,1,0.0,1507,10817,1,3,13.083609820836099,4.894616603851318,58.18847990036011,0.10566377639770508,0.805,64.83184027671814
pubmed,simple,True,completed,1.0,,19717,44324,1,19717,53814,1,6.670348167419434,14837,41276,1,1,1.328907461077037,1.4548439979553223,557.010810136795,0.06719589233398438,0.748,567.7728586196899
pubmed,simple,True,completed,2.0,,19717,44324,1,19717,53814,1,6.618953466415405,12063,34540,1,2,1.6345021968001325,2.101980447769165,455.2031524181366,0.09878158569335938,0.781,466.43514680862427
pubmed,simple,True,completed,3.0,,19717,44324,1,19717,53814,1,6.790048837661743,10148,29927,1,3,1.9429444225463146,2.676391839981079,393.8716893196106,0.13869166374206543,0.788,405.94050788879395
pubmed,simple,False,completed,1.0,,19717,44324,1,19717,44324,1,0.0,17287,40169,1,1,1.140568056921386,1.2987174987792969,646.0125567913055,0.05160832405090332,0.745,649.1506748199463
pubmed,simple,False,completed,2.0,,19717,44324,1,19717,44324,1,0.0,15146,36321,1,2,1.3017958536907435,2.250580310821533,576.283695936203,0.09201216697692871,0.764,580.3330500125885
pubmed,simple,False,completed,3.0,,19717,44324,1,19717,44324,1,0.0,13329,32825,1,3,1.4792557581213894,2.697410821914673,525.426821231842,0.12651562690734863,0.785,529.961754322052
